{"loss": [1.3516594171524048, 0.41061732172966003, 0.24894459545612335, 0.16928015649318695, 0.1287866085767746, 0.10328973084688187, 0.0860389992594719, 0.0687975361943245, 0.0632820576429367, 0.05333884432911873], "accuracy": [0.6030585169792175, 0.8694643974304199, 0.9186002016067505, 0.9446902275085449, 0.9571662545204163, 0.9655594229698181, 0.9718472361564636, 0.9776086211204529, 0.9795433282852173, 0.9829006195068359], "val_loss": [0.4958987832069397, 0.29993176460266113, 0.31605711579322815, 0.2692778706550598, 0.14897385239601135, 0.13648942112922668, 0.11465311050415039, 0.19264167547225952, 0.1650264412164688, 0.12891443073749542], "val_accuracy": [0.8431026339530945, 0.9051331877708435, 0.9030844569206238, 0.9170271158218384, 0.952481210231781, 0.9582290053367615, 0.9643182158470154, 0.9428067207336426, 0.9511722922325134, 0.9624402523040771]}